{
   "rowset":{
      "coldesc":[
         {
            "type":"string",
            "name":"AlertGroup"
         },
         {
            "type":"string",
            "name":"Identifier"
         },
         {
            "type":"string",
            "name":"Node"
         },
        {
            "type":"string",
            "name":"Manager"
         },
                 {
            "type":"string",
            "name":"Customer"
         },
         {
            "type":"string",
            "name":"AlertKey"
         },
         {
            "type":"integer",
            "name":"Severity"
         },
         {
            "type":"string",
            "name":"Summary"
         },
         {
            "type":"integer",
            "name":"OwnerUID"
         },
         {
            "type":"integer",
            "name":"OwnerGID"
         },
          {
            "type":"integer",
            "name":"Type"
         }

      ],
      "rows":[
         {
            "Node":"reviews-v2",
            "AlertGroup":"Availability",
            "AlertKey":"ServiceDown",
            "Summary":"Rating Service not responding",
            "Identifier":"reviews-v2|bookinfo|uc2|2",
            "OwnerGID":0,
            "Severity":4,
            "OwnerUID":0,
            "Type":2,
            "Manager":"CEM",
            "Customer":"Enterprise1"
         }
      ]
   }
}
