{
   "rowset":{
      "coldesc":[
         {
            "type":"string",
            "name":"AlertGroup"
         },
         {
            "type":"string",
            "name":"Identifier"
         },
         {
            "type":"string",
            "name":"Node"
         },
	{
            "type":"string",
            "name":"Manager"
         },
		 {
            "type":"string",
            "name":"Customer"
         },
         {
            "type":"string",
            "name":"AlertKey"
         },
         {
            "type":"integer",
            "name":"Severity"
         },
         {
            "type":"string",
            "name":"Summary"
         },
         {
            "type":"integer",
            "name":"OwnerUID"
         },
         {
            "type":"integer",
            "name":"OwnerGID"
         },
          {
            "type":"integer",
            "name":"Type"
         }
      ],
      "rows":[
         {
            "Node":"demostack",
            "AlertGroup":"Maintenance",
            "AlertKey":"demostack",
            "Summary":"Scheduling an automatic scale in for VideoStreaming",
 	    "Identifier":"demostack|demostack|Maintenance|1|NOI",
            "OwnerGID":0,
            "Severity":2,
            "OwnerUID":0,
            "Type":1,
	    "Manager":"ASM",
	    "Customer":"Telco"
         }
      ]
   }
}
