{
   "rowset":{
      "coldesc":[
                 {
            "type":"string",
            "name":"AlertGroup"
         },
         {
            "type":"string",
            "name":"Identifier"
         },
         {
            "type":"string",
            "name":"Node"
         },
		 {
            "type":"string",
            "name":"Manager"
         },
		 {
            "type":"string",
            "name":"Customer"
         },
         {
            "type":"string",
            "name":"AlertKey"
         },
         {
            "type":"integer",
            "name":"Severity"
         },
         {
            "type":"string",
            "name":"Summary"
         },
         {
            "type":"integer",
            "name":"OwnerUID"
         },
         {
            "type":"integer",
            "name":"OwnerGID"
         },
          {
            "type":"integer",
            "name":"Type"
         }
      ],
      "rows":[
         {
            "Node":"server1",
            "AlertGroup":"Availability",
            "AlertKey":"server1",
            "Summary":"No Response",
 	    "Identifier":"server1|server1|Availability|1|NOI",
            "OwnerGID":0,
            "Severity":5,
            "OwnerUID":0,
            "Type":2,
			"Manager":"ASM",
			"Customer":"Telco"
         }
      ]
   }
}
