{
   "rowset":{
      "coldesc":[
         {
            "type":"string",
            "name":"AlertGroup"
         },
         {
            "type":"string",
            "name":"Identifier"
         },
         {
            "type":"string",
            "name":"Node"
         },
	{
            "type":"string",
            "name":"Manager"
         },
		 {
            "type":"string",
            "name":"Customer"
         },
         {
            "type":"string",
            "name":"AlertKey"
         },
         {
            "type":"integer",
            "name":"Severity"
         },
         {
            "type":"string",
            "name":"Summary"
         },
         {
            "type":"integer",
            "name":"OwnerUID"
         },
         {
            "type":"integer",
            "name":"OwnerGID"
         },
          {
            "type":"integer",
            "name":"Type"
         },
          {
            "type":"string",
            "name":"RunbookID"
         }

      ],
      "rows":[
         {
            "Node":"VideoStreamingService",
            "AlertGroup":"Load",
            "AlertKey":"AppHost",
            "Summary":"Video Streaming Service Responding Slow",
 	    "Identifier":"VideoStreamingService|AppHost|Load|1|NOI",
            "OwnerGID":0,
            "Severity":5,
            "OwnerUID":0,
            "Type":1,
			"Manager":"ASM",
			"Customer":"Telco"
         }
      ]
   }
}
