{
   "rowset":{
      "coldesc":[
         {
            "type":"string",
            "name":"AlertGroup"
         },
         {
            "type":"string",
            "name":"Identifier"
         },
         {
            "type":"string",
            "name":"Node"
         },
		 {
            "type":"string",
            "name":"Manager"
         },
		 {
            "type":"string",
            "name":"Customer"
         },
         {
            "type":"string",
            "name":"AlertKey"
         },
         {
            "type":"integer",
            "name":"Severity"
         },
         {
            "type":"string",
            "name":"Summary"
         },
         {
            "type":"integer",
            "name":"OwnerUID"
         },
         {
            "type":"integer",
            "name":"OwnerGID"
         },
          {
            "type":"integer",
            "name":"Type"
         }
      ],
      "rows":[
         {
            "Node":"VideoStreamingApp1",
            "AlertGroup":"App",
            "AlertKey":"AppHost",
            "Summary":"Application Responding slow",
 	    "Identifier":"VideoStreamingApp1|AppHost|App|1|NOI",
            "OwnerGID":0,
            "Severity":1,
            "OwnerUID":0,
            "Type":2,
			"Manager":"ASM",
			"Customer":"Telco"
         }
      ]
   }
}
