{
   "rowset":{
      "coldesc":[
         {
            "type":"string",
            "name":"AlertGroup"
         },
         {
            "type":"string",
            "name":"Identifier"
         },
         {
            "type":"string",
            "name":"Node"
         },
        {
            "type":"string",
            "name":"Manager"
         },
                 {
            "type":"string",
            "name":"Customer"
         },
         {
            "type":"string",
            "name":"AlertKey"
         },
         {
            "type":"integer",
            "name":"Severity"
         },
         {
            "type":"string",
            "name":"Summary"
         },
         {
            "type":"integer",
            "name":"OwnerUID"
         },
         {
            "type":"integer",
            "name":"OwnerGID"
         },
          {
            "type":"integer",
            "name":"Type"
         }

      ],
      "rows":[
         {
            "Node":"details",
            "AlertGroup":"No Response",
            "AlertKey":"Request TimeOut",
            "Summary":"Details Service not responding",
            "Identifier":"details|bookinfo|uc1|1",
            "OwnerGID":0,
            "Severity":4,
            "OwnerUID":0,
            "Type":1,
                        "Manager":"CEM",
                        "Customer":"Enterprise1"
         }
      ]
   }
}
