{
   "rowset":{
      "coldesc":[
         {
            "type":"string",
            "name":"AlertGroup"
         },
         {
            "type":"string",
            "name":"Identifier"
         },
         {
            "type":"string",
            "name":"Node"
         },
        {
            "type":"string",
            "name":"Manager"
         },
                 {
            "type":"string",
            "name":"Customer"
         },
         {
            "type":"string",
            "name":"AlertKey"
         },
         {
            "type":"integer",
            "name":"Severity"
         },
         {
            "type":"string",
            "name":"Summary"
         },
         {
            "type":"integer",
            "name":"OwnerUID"
         },
         {
            "type":"integer",
            "name":"OwnerGID"
         },
          {
            "type":"integer",
            "name":"Type"
         }

      ],
      "rows":[
         {
            "Node":"ratings-v1",
            "AlertGroup":"Latency",
            "AlertKey":"Latency",
            "Summary":"Rating Service Responding Slow",
            "Identifier":"ratings-v1|bookinfo|uc1|1",
            "OwnerGID":0,
            "Severity":3,
            "OwnerUID":0,
            "Type":1,
            "Manager":"CEM",
            "Customer":"Enterprise1"
         }
      ]
   }
}
