{
   "rowset":{
      "coldesc":[
         {
            "type":"string",
            "name":"AlertGroup"
         },
         {
            "type":"string",
            "name":"Identifier"
         },
         {
            "type":"string",
            "name":"Node"
         },
        {
            "type":"string",
            "name":"Manager"
         },
                 {
            "type":"string",
            "name":"Customer"
         },
         {
            "type":"string",
            "name":"AlertKey"
         },
         {
            "type":"integer",
            "name":"Severity"
         },
         {
            "type":"string",
            "name":"Summary"
         },
         {
            "type":"integer",
            "name":"OwnerUID"
         },
         {
            "type":"integer",
            "name":"OwnerGID"
         },
          {
            "type":"integer",
            "name":"Type"
         }

      ],
      "rows":[
         {
            "Node":"reviews-v3",
            "AlertGroup":"Load",
            "AlertKey":"Request TimeOut",
            "Summary":"Requests per sec high",
            "Identifier":"reviews-v3|bookinfo|uc1|2,
            "OwnerGID":0,
            "Severity":3,
            "OwnerUID":0,
            "Type":2,
            "Manager":"CEM",
            "Customer":"Enterprise1"
         }
      ]
   }
}
