{
   "rowset":{
      "coldesc":[
         {
            "type":"string",
            "name":"AlertGroup"
         },
         {
            "type":"string",
            "name":"Identifier"
         },
         {
            "type":"string",
            "name":"Node"
         },
		 {
            "type":"string",
            "name":"Manager"
         },
		 {
            "type":"string",
            "name":"Customer"
         },
         {
            "type":"string",
            "name":"AlertKey"
         },
         {
            "type":"integer",
            "name":"Severity"
         },
         {
            "type":"string",
            "name":"Summary"
         },
         {
            "type":"integer",
            "name":"OwnerUID"
         },
         {
            "type":"integer",
            "name":"OwnerGID"
         },
          {
            "type":"integer",
            "name":"Type"
         }
      ],
      "rows":[
         {
            "Node":"server3",
            "AlertGroup":"Network",
            "AlertKey":"server3",
            "Summary":"Network Redundancy Degraded on DVPorts",
 	    "Identifier":"switch1|server3|Network|2|NOI",
            "OwnerGID":0,
            "Severity":1,
            "OwnerUID":0,
            "Type":2,
			"Manager":"ASM",
			"Customer":"Telco"
         }
      ]
   }
}
