{
   "rowset":{
      "coldesc":[
         {
            "type":"string",
            "name":"AlertGroup"
         },
         {
            "type":"string",
            "name":"Identifier"
         },
         {
            "type":"string",
            "name":"Node"
         },
		 {
            "type":"string",
            "name":"Manager"
         },
		 {
            "type":"string",
            "name":"Customer"
         },
         {
            "type":"string",
            "name":"AlertKey"
         },
         {
            "type":"integer",
            "name":"Severity"
         },
         {
            "type":"string",
            "name":"Summary"
         },
         {
            "type":"integer",
            "name":"OwnerUID"
         },
         {
            "type":"integer",
            "name":"OwnerGID"
         },
          {
            "type":"integer",
            "name":"Type"
         }
      ],
      "rows":[
         {
            "Node":"vnfi-switch",
            "AlertGroup":"VNF-Alarm",
            "AlertKey":"CISCO SWITCH DOWN",
            "Summary":"Switch Down",
 	    "Identifier":"switch1|switch1|VNF-Alarm|1|NOI",
            "OwnerGID":0,
            "Severity":5,
            "OwnerUID":0,
            "Type":1,
	    "Manager":"ASM",
	    "Customer":"Telco",
	    "CEAEventScore":210
         }
      ]
   }
}
